segment,n,R2,RMSE
d ≤ BP,405.4036450505999,0.06367488436062929,0.9085835937078492
d > BP,1.1088728354393815,0.4175045029899376,6.70320142014223
