segment,n,R2,RMSE
d ≤ BP,1484.3105587049442,0.19429275209315022,2.023633624077187
d > BP,1.9897782806800612,0.6438626978049008,5.377646020991516
