segment,n,R2,RMSE
d ≤ BP,122.53857515276188,0.7462426808450654,9.873085948470946
d > BP,-9.316251398996474,0.02832221675544533,2.8564399014520667
